BROKERTITLE,TYPE,PRICE,BEDS,BATH,PROPERTYSQFT,ADDRESS,STATE,MAIN_ADDRESS,ADMINISTRATIVE_AREA_LEVEL_2,LOCALITY,SUBLOCALITY,STREET_NAME,LONG_NAME,FORMATTED_ADDRESS,LATITUDE,LONGITUDE
Brokered by Serhant,Condo for sale,195000000,7,10.0,17545.0,Central Park Tower Penthouse-217 W 57th New York St Unit Penthouse,"New York, NY 10019","Central Park Tower Penthouse-217 W 57th New York St Unit PenthouseNew York, NY 10019",United States,New York,New York County,New York,West 57th Street,"217 W 57th St, New York, NY 10019, USA",40.7663935,-73.9809909
Brokered by COMPASS,Condo for sale,69000,3,1.0,445.0,2 E 55th St Unit 908W33,"Manhattan, NY 10022","2 E 55th St Unit 908W33Manhattan, NY 10022",United States,New York,New York County,New York,East 55th Street,"2 E 55th St, New York, NY 10022, USA",40.7613979,-73.9746128
Brokered by Sotheby's International Realty - East Side Manhattan Brokerage,Townhouse for sale,55000000,7,2.3738608579684373,14175.0,5 E 64th St,"New York, NY 10065","5 E 64th StNew York, NY 10065",United States,New York,New York County,New York,East 64th Street,"5 E 64th St, New York, NY 10065, USA",40.7672235,-73.9698561
Brokered by Sotheby's International Realty - East Side Manhattan Brokerage,Townhouse for sale,65000000,3,2.3738608579684373,15200.0,4 E 79th St,"New York, NY 10075","4 E 79th StNew York, NY 10075",United States,New York,New York County,New York,East 79th Street,"4 E 79th St, New York, NY 10075, USA",40.7765613,-73.9633167
Brokered by COMPASS,Townhouse for sale,12950000,5,4.0,3344.0,214 W 11th St,"Manhattan, NY 10014","214 W 11th StManhattan, NY 10014",United States,New York,New York County,New York,West 11th Street,"214 W 11th St, New York, NY 10014, USA",40.7363219,-74.0018035
Built by Toll Brothers,For sale,950000,1,1.0,621.0,The Rockwell # 3A,"New York, NY 10025","The Rockwell # 3ANew York, NY 10025",United States,New York,New York County,New York,West 103rd Street,"218 W 103rd St, New York, NY 10025, USA",40.7986579,-73.9679035
Brokered by Brown Harris Stevens,Condo for sale,395000,5,1.0,1000.0,110 E 71st St Unit Medical,"Manhattan, NY 10021","110 E 71st St Unit MedicalManhattan, NY 10021",United States,New York,New York County,New York,East 71st Street,"110 E 71st St, New York, NY 10021, USA",40.7700395,-73.9638872
Brokered by Douglas Elliman - 575 Madison Ave,House for sale,55000000,8,8.0,12000.0,25 Riverside Dr,"New York, NY 10023","25 Riverside DrNew York, NY 10023",United States,New York,New York County,New York,Riverside Drive,"25 Riverside Dr, New York, NY 10023, USA",40.782238,-73.9846322
Built by Toll Brothers,For sale,2280000,2,2.0,1400.0,The Rockwell # 6E,"New York, NY 10025","The Rockwell # 6ENew York, NY 10025",United States,New York,New York County,New York,West 103rd Street,"218 W 103rd St, New York, NY 10025, USA",40.7986579,-73.9679035
Brokered by Sotheby's International Realty - East Side Manhattan Brokerage,Townhouse for sale,2695000,6,5.0,4720.0,327 Convent Ave,"New York, NY 10031","327 Convent AveNew York, NY 10031",United States,New York,New York County,New York,Convent Avenue,"327 Convent Ave, New York, NY 10031, USA",40.8235127,-73.9467514
Brokered by Corcoran East Side,Townhouse for sale,24800000,6,8.0,2184.207862,45 E 74th St,"New York, NY 10021","45 E 74th StNew York, NY 10021",United States,New York,New York County,New York,East 74th Street,"45 E 74th St, New York, NY 10021, USA",40.772929,-73.9635462
Brokered by Exp Realty,House for sale,1100000,9,4.0,3276.0,421 W 154th St,"New York, NY 10032","421 W 154th StNew York, NY 10032",United States,New York,New York County,New York,West 154th Street,"421 W 154th St, New York, NY 10032, USA",40.8307115,-73.9424229
Brokered by Serhant,Condo for sale,17500000,5,6.0,5499.0,37 Warren St Unit Phcd,"New York, NY 10007","37 Warren St Unit PhcdNew York, NY 10007",United States,New York,New York County,New York,Warren Street,"37 Warren St, New York, NY 10007, USA",40.7143354,-74.0087443
"Brokered by Island Advantage Rlty, Llc",Foreclosure,1749900,5,4.0,3740.0,517 W 142nd St,"New York, NY 10031","517 W 142nd StNew York, NY 10031",United States,New York,New York County,New York,West 142nd Street,"517 W 142nd St, New York, NY 10031, USA",40.824015,-73.9502067
Brokered by COMPASS,Townhouse for sale,5000000,10,9.0,6425.0,137 W 80th St,"Manhattan, NY 10024","137 W 80th StManhattan, NY 10024",United States,New York,New York County,New York,West 80th Street,"137 W 80th St, New York, NY 10024, USA",40.7832598,-73.976047
Brokered by Douglas Elliman - 575 Madison Ave,House for sale,56000000,11,10.0,24000.0,9 W 54th St,"New York, NY 10019","9 W 54th StNew York, NY 10019",United States,New York,New York County,New York,West 54th Street,"9 W 54th St, New York, NY 10019, USA",40.7616,-73.9761913
Built by Toll Brothers,For sale,1740000,2,2.0,1132.0,The Rockwell # 6H,"New York, NY 10025","The Rockwell # 6HNew York, NY 10025",United States,New York,New York County,New York,West 103rd Street,"218 W 103rd St, New York, NY 10025, USA",40.7986579,-73.9679035
"Brokered by Garfield, Leslie J. & Co., Inc.",Townhouse for sale,2750000,3,2.0,2184.207862,16 Gay St,"New York, NY 10014","16 Gay StNew York, NY 10014",United States,New York,New York County,New York,Gay Street,"16 Gay St, New York, NY 10014, USA",40.7336687,-74.000518
Brokered by Corcoran West Side,Townhouse for sale,3500000,6,6.0,6000.0,51 Hamilton Ter,"New York, NY 10031","51 Hamilton TerNew York, NY 10031",United States,New York,New York County,New York,Hamilton Terrace,"51 Hamilton Terrace, New York, NY 10031, USA",40.8229141,-73.9460622
Brokered by COMPASS,Townhouse for sale,39995000,4,2.3738608579684373,10582.0,145 Reade St,"Manhattan, NY 10013","145 Reade StManhattan, NY 10013",United States,New York,New York County,New York,Reade Street,"145 Reade St, New York, NY 10013, USA",40.7164224,-74.0101197
Brokered by Sotheby's International Realty - East Side Manhattan Brokerage,Townhouse for sale,1250000,8,2.3738608579684373,2184.207862,246 E 58th St # Th,"New York, NY 10022","246 E 58th St # ThNew York, NY 10022",United States,New York,New York County,New York,East 58th Street,"246 E 58th St, New York, NY 10022, USA",40.7600248,-73.9653546
Brokered by Serhant,Townhouse for sale,14900000,5,5.0,2184.207862,45 W 70th St,"New York, NY 10023","45 W 70th StNew York, NY 10023",United States,New York,New York County,New York,West 70th Street,"45 W 70th St, New York, NY 10023, USA",40.7758194,-73.9785263
Brokered by Douglas Elliman - 575 Madison Ave,House for sale,10000000,5,4.0,6800.0,166 E 64th St,"New York, NY 10065","166 E 64th StNew York, NY 10065",United States,New York,New York County,New York,East 64th Street,"166 E 64th St, New York, NY 10065, USA",40.764989,-73.9655331
Brokered by CHRISTIE'S INT.REAL ESTATE GROUP,Townhouse for sale,29200000,12,10.0,11638.0,123 E 35th St,"New York, NY 10016","123 E 35th StNew York, NY 10016",United States,New York,New York County,New York,East 35th Street,"123 E 35th St, New York, NY 10016, USA",40.747472,-73.9796788
Brokered by COMPASS,Condo for sale,2350000,1,2.0,1144.0,456 W 19th St Units 4 & 5C,"Manhattan, NY 10011","456 W 19th St Units 4 & 5CManhattan, NY 10011",United States,New York,New York County,New York,West 19th Street,"456 W 19th St, New York, NY 10011, USA",40.7449256,-74.0057175
Brokered by Serhant,Condo for sale,12000000,4,4.0,3809.0,67 Franklin St # A,"New York, NY 10013","67 Franklin St # ANew York, NY 10013",United States,New York,New York County,New York,Franklin Street,"67 Franklin St, New York, NY 10013, USA",40.7174584,-74.0038831
Brokered by Douglas Elliman - 3544 Johnson Ave,Townhouse for sale,795000,4,2.0,1440.0,42 Adrian Ave,"New York, NY 10463","42 Adrian AveNew York, NY 10463",United States,New York,New York County,New York,Adrian Avenue,"42 Adrian Ave, Bronx, NY 10463, USA",40.8767388,-73.911189
Brokered by Brooklyn Bound Realty Corp,House for sale,2295000,7,4.0,3632.0,235 W 138th St,"New York, NY 10030","235 W 138th StNew York, NY 10030",United States,New York,New York County,New York,West 138th Street,"235 W 138th St, New York, NY 10030, USA",40.8180374,-73.9436858
Brokered by Corcoran Chelsea/Flatiron,Pending,13500000,5,7.0,2184.207862,112 Waverly Pl,"New York, NY 10011","112 Waverly PlNew York, NY 10011",United States,New York,New York County,New York,Waverly Place,"112 Waverly Pl, New York, NY 10011, USA",40.7323524,-73.9993358
Brokered by COMPASS,Co-op for sale,449500,1,1.0,2184.207862,180 Thompson St Apt Ld,"Manhattan, NY 10012","180 Thompson St Apt LdManhattan, NY 10012",United States,New York,New York County,New York,Thompson Street,"180 Thompson St, New York, NY 10012, USA",40.7278952,-73.9998294
Brokered by Douglas Elliman - 1995 Broadway,Condo for sale,16500000,5,4.0,4105.0,2150 Broadway,"New York, NY 10023","2150 BroadwayNew York, NY 10023",United States,New York,New York County,New York,Broadway,"2150 Broadway, New York, NY 10023, USA",40.7814599,-73.9806864
Brokered by Douglas Elliman - 1995 Broadway,Condo for sale,16500000,5,4.0,4105.0,2150 Broadway,"New York, NY 10023","2150 BroadwayNew York, NY 10023",United States,New York,New York County,New York,Broadway,"2150 Broadway, New York, NY 10023, USA",40.7814599,-73.9806864
"Brokered by OneKey MLS LLC - Realmart Realty, LLC",Townhouse for sale,4680000,3,4.0,2400.0,128 E 38th St,"New York, NY 10016","128 E 38th StNew York, NY 10016",United States,New York,New York County,New York,East 38th Street,"128 E 38th St, New York, NY 10016, USA",40.7489947,-73.9783819
"Brokered by Sotheby's International Realty, Inc.",Townhouse for sale,5600000,6,6.0,4917.0,111 E 19th St,"New York, NY 10003","111 E 19th StNew York, NY 10003",United States,New York,New York County,New York,East 19th Street,"111 E 19th St, New York, NY 10003, USA",40.7375348,-73.9872447
Brokered by Sotheby's International Realty - East Side Manhattan Brokerage,Townhouse for sale,6995000,5,2.3738608579684373,3912.0,239 E 78th St,"New York, NY 10075","239 E 78th StNew York, NY 10075",United States,New York,New York County,New York,East 78th Street,"239 E 78th St, New York, NY 10075, USA",40.7732125,-73.9564279
Brokered by Peter Ashe Real Estate- Peter Ashe Real Estate,Townhouse for sale,28500000,7,9.0,12300.0,14 E 69th St Unit Townhouse,"New York, NY 10021","14 E 69th St Unit TownhouseNew York, NY 10021",United States,New York,New York County,New York,East 69th Street,"14 E 69th St, New York, NY 10021, USA",40.7699341,-73.9675072
Brokered by Sotheby's International Realty - Downtown Manhattan,Townhouse for sale,29950000,10,13.0,8750.0,26 Washington Sq N,"New York, NY 10011","26 Washington Sq NNew York, NY 10011",United States,New York,New York County,New York,Washington Square West,"26 Washington Square W, New York, NY 10011, USA",40.7322213,-73.9986277
Brokered by Serhant,Townhouse for sale,5990000,4,4.0,3750.0,96 Bank St,"New York, NY 10014","96 Bank StNew York, NY 10014",United States,New York,New York County,New York,Bank Street,"96 Bank St, New York, NY 10014, USA",40.7363228,-74.0064402
Brokered by Corcoran East Side,Townhouse for sale,4995000,2,2.0,2000.0,51 Barrow St,"New York, NY 10014","51 Barrow StNew York, NY 10014",United States,New York,New York County,New York,Barrow Street,"51 Barrow St, New York, NY 10014, USA",40.7319679,-74.0043858
Brokered by Corcoran Park Avenue South,Pending,700000,2,1.0,2184.207862,248 E 7th St # 9/10,"New York, NY 10009","248 E 7th St # 9/10New York, NY 10009",United States,New York,New York County,New York,East 7th Street,"248 E 7th St, New York, NY 10009, USA",40.7235651,-73.9781799
Brokered by COMPASS,Condo for sale,200000,2,3.0,1260.0,2 E 55th St Unit 1136W15,"Manhattan, NY 10022","2 E 55th St Unit 1136W15Manhattan, NY 10022",United States,New York,New York County,New York,East 55th Street,"2 E 55th St, New York, NY 10022, USA",40.7613979,-73.9746128
Brokered by COMPASS,Townhouse for sale,10000000,5,2.3738608579684373,5660.0,45 W 95th St,"Manhattan, NY 10025","45 W 95th StManhattan, NY 10025",United States,New York,New York County,New York,West 95th Street,"45 W 95th St, New York, NY 10025, USA",40.791801,-73.9665998
Brokered by Corcoran West Side,Multi-family home for sale,7999000,20,10.0,2184.207862,414 Riverside Dr,"New York, NY 10025","414 Riverside DrNew York, NY 10025",United States,New York,New York County,New York,Riverside Drive,"414 Riverside Dr, New York, NY 10025, USA",40.8071701,-73.9668179
Brokered by Sotheby's International Realty - Downtown Manhattan,Townhouse for sale,25500000,5,2.3738608579684373,2184.207862,763 Greenwich St,"New York, NY 10014","763 Greenwich StNew York, NY 10014",United States,New York,New York County,New York,Greenwich Street,"763 Greenwich St, New York, NY 10014, USA",40.7361176,-74.0064866
Brokered by COMPASS,Townhouse for sale,3000000,5,2.3738608579684373,5000.0,263 W 139th St,"Manhattan, NY 10030","263 W 139th StManhattan, NY 10030",United States,New York,New York County,New York,West 139th Street,"263 W 139th St, New York, NY 10030, USA",40.819079,-73.944168
Brokered by Hudson Group Realty Network Inc,Multi-family home for sale,1500000,6,2.0,3600.0,344 W 121st St,"New York, NY 10027","344 W 121st StNew York, NY 10027",United States,New York,New York County,New York,West 121st Street,"344 W 121st St, New York, NY 10027, USA",40.8082664,-73.9550742
Brokered by CHRISTIE'S INT.REAL ESTATE GROUP,Townhouse for sale,4845000,9,6.0,5939.0,2099 Fifth Ave,"New York, NY 10035","2099 Fifth AveNew York, NY 10035",United States,New York,New York County,New York,5th Avenue,"2099 5th Ave, New York, NY 10035, USA",40.808933,-73.940052
Brokered by Douglas Elliman - 575 Madison Ave,House for sale,16500000,2,2.0,5834.0,245 W 18th St,"New York, NY 10011","245 W 18th StNew York, NY 10011",United States,New York,New York County,New York,West 18th Street,"245 W 18th St, New York, NY 10011, USA",40.7420282,-73.9997276
Brokered by COMPASS,Townhouse for sale,1775000,6,4.0,4900.0,642 W 207th St,"Manhattan, NY 10034","642 W 207th StManhattan, NY 10034",United States,New York,New York County,New York,West 207th Street,"642 W 207th St, New York, NY 10034, USA",40.8685757,-73.9220436
Brokered by Sotheby's International Realty - Downtown Manhattan,Townhouse for sale,3850000,4,2.0,2160.0,420 E 84th St,"New York, NY 10028","420 E 84th StNew York, NY 10028",United States,New York,New York County,New York,East 84th Street,"420 E 84th St, New York, NY 10028, USA",40.7750748,-73.9496097
Brokered by Brown Harris Stevens - 1926 Broadway,Condo for sale,4500000,5,4.0,3180.0,377 Rector Pl Ph B,"Manhattan, NY 10280","377 Rector Pl Ph BManhattan, NY 10280",United States,New York,New York County,New York,Rector Place,"377 Rector Pl, New York, NY 10280, USA",40.709894,-74.017865
Brokered by COMPASS,Townhouse for sale,25000000,7,2.3738608579684373,20000.0,11 Hubert St,"Manhattan, NY 10013","11 Hubert StManhattan, NY 10013",United States,New York,New York County,New York,Hubert Street,"11 Hubert St, New York, NY 10013, USA",40.7213288,-74.0092558
Brokered by COMPASS,Townhouse for sale,14600000,6,2.3738608579684373,6630.0,122 W 73rd St,"Manhattan, NY 10023","122 W 73rd StManhattan, NY 10023",United States,New York,New York County,New York,West 73rd Street,"122 W 73rd St, New York, NY 10023, USA",40.7782059,-73.9790314
Brokered by Douglas Elliman  -111 Fifth Ave,House for sale,8500000,7,6.0,7000.0,19 Vestry St,"New York, NY 10013","19 Vestry StNew York, NY 10013",United States,New York,New York County,New York,Vestry Street,"19 Vestry St, New York, NY 10013, USA",40.7223906,-74.0075502
Brokered by Coldwell Banker Warburg,Condo for sale,7995000,3,4.0,4412.0,45 E 30th St # B,"New York, NY 10016","45 E 30th St # BNew York, NY 10016",United States,New York,New York County,New York,East 30th Street,"45 E 30th St, New York, NY 10016, USA",40.7449246,-73.9836051
Brokered by Sotheby's International Realty - East Side Manhattan Brokerage,Townhouse for sale,8750000,7,8.0,5000.0,241 W 4th St,"New York, NY 10014","241 W 4th StNew York, NY 10014",United States,New York,New York County,New York,West 4th Street,"241 West 4th Street, New York, NY 10014, USA",40.7345979,-74.0029107
Brokered by Douglas Elliman  -111 Fifth Ave,Co-op for sale,2300000,2,2.0,1600.0,242 E 7th St Unit Ph,"New York, NY 10009","242 E 7th St Unit PhNew York, NY 10009",United States,New York,New York County,New York,East 7th Street,"242 E 7th St, New York, NY 10009, USA",40.7236159,-73.9781735
Brokered by Corcoran Westside Columbus,Townhouse for sale,23900000,6,2.3738608579684373,7110.0,248 W 71st St,"New York, NY 10023","248 W 71st StNew York, NY 10023",United States,New York,New York County,New York,West 71st Street,"248 W 71st St, New York, NY 10023, USA",40.7785441,-73.9840907
Brokered by Corcoran Park Slope,Condo for sale,1075000,2,2.0,2184.207862,357 W 30th St # 5/6,"New York, NY 10001","357 W 30th St # 5/6New York, NY 10001",United States,New York,New York County,New York,West 30th Street,"357 W 30th St, New York, NY 10001, USA",40.7507895,-73.9974127
"Brokered by Sotheby's International Realty, Inc.",Townhouse for sale,9950000,10,10.0,2184.207862,22 E 93rd St,"New York, NY 10128","22 E 93rd StNew York, NY 10128",United States,New York,New York County,New York,East 93rd Street,"22 E 93rd St, New York, NY 10128, USA",40.7852855,-73.9560385
Brokered by Douglas Elliman  -111 Fifth Ave,Pending,1500000,5,7.0,4384.0,815 Riverside Dr,"New York, NY 10032","815 Riverside DrNew York, NY 10032",United States,New York,New York County,New York,Riverside Drive,"815 Riverside Dr, New York, NY 10032, USA",40.8354875,-73.9459545
Brokered by Corcoran Westside Columbus,Condo for sale,3300000,2,2.0,1652.0,303 E 77th St Ph C,"New York, NY 10075","303 E 77th St Ph CNew York, NY 10075",United States,New York,New York County,New York,East 77th Street,"303 E 77th St, New York, NY 10075, USA",40.7720149,-73.9555341
"Brokered by Harlem Lofts Inc.- Harlem Lofts, Inc.",Townhouse for sale,2045000,6,4.0,3976.0,594 W 152nd St,"New York, NY 10031","594 W 152nd StNew York, NY 10031",United States,New York,New York County,New York,West 152nd Street,"594 W 152nd St, New York, NY 10031, USA",40.8305666,-73.9469641
Brokered by COMPASS,Co-op for sale,2250000,4,3.0,2184.207862,225 Central Park W Unit 422423,"Manhattan, NY 10024","225 Central Park W Unit 422423Manhattan, NY 10024",United States,New York,New York County,New York,Central Park West,"225 Central Park W, New York, NY 10024, USA",40.7830893,-73.9713177
Brokered by Douglas Elliman - 575 Madison Ave,Townhouse for sale,24990000,7,6.0,8500.0,6 Sutton Sq,"New York, NY 10022","6 Sutton SqNew York, NY 10022",United States,New York,New York County,New York,Sutton Square,"6 Sutton Square, New York, NY 10022, USA",40.7577238,-73.9597924
Brokered by COMPASS,Co-op for sale,359000,1,1.0,2184.207862,229 E 81st St Unit Gh,"Manhattan, NY 10028","229 E 81st St Unit GhManhattan, NY 10028",United States,New York,New York County,New York,East 81st Street,"229 E 81st St, New York, NY 10028, USA",40.7751786,-73.9550168
Brokered by Sotheby's International Realty - Downtown Manhattan,Townhouse for sale,11900000,6,2.3738608579684373,9075.0,328 W 108th St,"New York, NY 10025","328 W 108th StNew York, NY 10025",United States,New York,New York County,New York,West 108th Street,"328 W 108th St, New York, NY 10025, USA",40.8032028,-73.9687464
Brokered by Corcoran East Side,Townhouse for sale,10999000,5,7.0,2184.207862,132 W 81st St,"New York, NY 10024","132 W 81st StNew York, NY 10024",United States,New York,New York County,New York,West 81st Street,"132 W 81st St, New York, NY 10024, USA",40.7836212,-73.9759437
Brokered by Brown Harris Stevens - 1926 Broadway,Townhouse for sale,25000000,6,8.0,2184.207862,7 E 88th St Unit Townhouse,"Manhattan, NY 10128","7 E 88th St Unit TownhouseManhattan, NY 10128",United States,New York,New York County,New York,East 88th Street,"7 E 88th St, New York, NY 10128, USA",40.782683,-73.9586904
Brokered by COMPASS,Multi-family home for sale,6995000,20,20.0,12492.0,76 Irving Pl,"Manhattan, NY 10003","76 Irving PlManhattan, NY 10003",United States,New York,New York County,New York,Irving Place,"76 Irving Pl, New York, NY 10003, USA",40.7368035,-73.9864789
Brokered by Douglas Elliman - 575 Madison Ave,Townhouse for sale,22500000,5,6.0,8725.0,10 E 64th St,"New York, NY 10065","10 E 64th StNew York, NY 10065",United States,New York,New York County,New York,East 64th Street,"10 E 64th St, New York, NY 10065, USA",40.7669348,-73.9701575
Brokered by COMPASS,Townhouse for sale,13950000,6,6.0,6798.0,135 E 19th St,"Manhattan, NY 10003","135 E 19th StManhattan, NY 10003",United States,New York,New York County,New York,East 19th Street,"135 E 19th St, New York, NY 10003, USA",40.736891,-73.985669
Brokered by COMPASS,Townhouse for sale,3995000,8,8.0,5046.0,322 W 104th St,"Manhattan, NY 10025","322 W 104th StManhattan, NY 10025",United States,New York,New York County,New York,West 104th Street,"322 W 104th St, New York, NY 10025, USA",40.80059,-73.97071
"Brokered by Nest Seekers International, Midtown",Townhouse for sale,8950000,3,6.0,6336.0,209 E 31st St,"New York, NY 10016","209 E 31st StNew York, NY 10016",United States,New York,New York County,New York,East 31st Street,"209 E 31st St, New York, NY 10016, USA",40.7437415,-73.978774
Brokered by Elegran Real Estate And Development,Townhouse for sale,2500000,3,4.0,2201.0,240 E 29th St,"New York, NY 10016","240 E 29th StNew York, NY 10016",United States,New York,New York County,New York,East 29th Street,"240 E 29th St, New York, NY 10016, USA",40.741725,-73.9786641
Brokered by Corcoran West Side,Multi-family home for sale,34000000,3,8.0,2184.207862,217 W 21st St,"New York, NY 10011","217 W 21st StNew York, NY 10011",United States,New York,New York County,New York,West 21st Street,"217 W 21st St, New York, NY 10011, USA",40.7433901,-73.9973776
"Brokered by Nest Seekers International, Westside",Land for sale,1200000,3,2.3738608579684373,2184.207862,2316 1st Ave,"New York, NY 10035","2316 1st AveNew York, NY 10035",United States,New York,New York County,New York,1st Avenue,"2316 1st Ave., New York, NY 10035, USA",40.797735,-73.933806
Brokered by Douglas Elliman - 575 Madison Ave,Townhouse for sale,7500000,4,2.0,4250.0,167 E 80th St,"New York, NY 10075","167 E 80th StNew York, NY 10075",United States,New York,New York County,New York,East 80th Street,"167 E 80th St, New York, NY 10075, USA",40.77551,-73.957627
Brokered by Coldwell Banker Warburg,Townhouse for sale,5950000,4,4.0,2184.207862,422 E 84th St,"New York, NY 10028","422 E 84th StNew York, NY 10028",United States,New York,New York County,New York,East 84th Street,"422 E 84th St, New York, NY 10028, USA",40.7750765,-73.9495633
"Brokered by Garfield, Leslie J. & Co., Inc.",Townhouse for sale,1900000,9,5.0,5000.0,2074 Fifth Ave,"New York, NY 10035","2074 Fifth AveNew York, NY 10035",United States,New York,New York County,New York,5th Avenue,"2074 5th Ave, New York, NY 10035, USA",40.8082842,-73.9412356
Brokered by Brown Harris Stevens - 43 North Moore Street,Townhouse for sale,23000000,5,6.0,7058.0,334 W 20th St Unit Townhouse,"Manhattan, NY 10011","334 W 20th St Unit TownhouseManhattan, NY 10011",United States,New York,New York County,New York,West 20th Street,"334 W 20th St, New York, NY 10011, USA",40.7439188,-74.0014359
Brokered by Brown Harris Stevens - 43 North Moore Street,Townhouse for sale,23000000,5,6.0,7058.0,334 W 20th St Unit Townhouse,"Manhattan, NY 10011","334 W 20th St Unit TownhouseManhattan, NY 10011",United States,New York,New York County,New York,West 20th Street,"334 W 20th St, New York, NY 10011, USA",40.7439188,-74.0014359
Brokered by Corcoran East Side,House for sale,30000000,5,2.3738608579684373,6000.0,15 Bank St,"New York, NY 10014","15 Bank StNew York, NY 10014",United States,New York,New York County,New York,Bank Street,"15 Bank St, New York, NY 10014, USA",40.7371772,-74.0024577
Brokered by COMPASS,Townhouse for sale,9950000,10,10.0,8000.0,120 E 19th St,"Manhattan, NY 10003","120 E 19th StManhattan, NY 10003",United States,New York,New York County,New York,East 19th Street,"120 E 19th St, New York, NY 10003, USA",40.7369927,-73.9868876
Brokered by Corcoran East Side,Townhouse for sale,14800000,8,10.0,2184.207862,135 E 15th St,"New York, NY 10003","135 E 15th StNew York, NY 10003",United States,New York,New York County,New York,East 15th Street,"135 E 15th St, New York, NY 10003, USA",40.7345123,-73.9874441
Brokered by Vandenberg -The Townhouse Experts,Townhouse for sale,6700000,4,4.0,3740.0,51 W 95th St,"New York, NY 10025","51 W 95th StNew York, NY 10025",United States,New York,New York County,New York,West 95th Street,"51 W 95th St, New York, NY 10025, USA",40.7918625,-73.9667605
Brokered by Corcoran West Side,Co-op for sale,385000,1,1.0,2184.207862,116 Pinehurst Ave Apt B52,"New York, NY 10033","116 Pinehurst Ave Apt B52New York, NY 10033",United States,New York,New York County,New York,Pinehurst Avenue,"116 Pinehurst Ave, New York, NY 10033, USA",40.8522694,-73.939181
Brokered by COMPASS,Townhouse for sale,7950000,4,2.0,3397.0,20 Jones St,"Manhattan, NY 10014","20 Jones StManhattan, NY 10014",United States,New York,New York County,New York,Jones Street,"20 Jones St, New York, NY 10014, USA",40.7319485,-74.0025061
Brokered by Brown Harris Stevens- 3531 Johnson Avenue,House for sale,4200000,5,4.0,4480.0,164 W 88th St,"New York, NY 10024","164 W 88th StNew York, NY 10024",United States,New York,New York County,New York,West 88th Street,"164 W 88th St, New York, NY 10024, USA",40.788437,-73.9731887
Brokered by Brown Harris Stevens - 1926 Broadway,Townhouse for sale,10995000,7,6.0,9000.0,318 W 81st St Unit Townhouse,"Manhattan, NY 10024","318 W 81st St Unit TownhouseManhattan, NY 10024",United States,New York,New York County,New York,West 81st Street,"318 W 81st St, New York, NY 10024, USA",40.7858802,-73.9811894
Brokered by Sotheby's International Realty - Downtown Manhattan,Townhouse for sale,12500000,9,2.3738608579684373,10500.0,180 Second Ave,"New York, NY 10003","180 Second AveNew York, NY 10003",United States,New York,New York County,New York,2nd Avenue,"180 2nd Ave, New York, NY 10003, USA",40.7305606,-73.9859258
"Brokered by Nest Seekers International, Midtown",Condo for sale,5100000,4,2.0,2183.0,201 W 17th St Ph F,"New York, NY 10011","201 W 17th St Ph FNew York, NY 10011",United States,New York,New York County,New York,West 17th Street,"201 W 17th St, New York, NY 10011, USA",40.7408109,-73.998475
Brokered by Brown Harris Stevens,Townhouse for sale,1595000,3,8.0,2184.207862,511 W 144th St Unit Townhouse,"Manhattan, NY 10031","511 W 144th St Unit TownhouseManhattan, NY 10031",United States,New York,New York County,New York,West 144th Street,"511 W 144th St, New York, NY 10031, USA",40.8250069,-73.9486453
Brokered by COMPASS,Townhouse for sale,5500000,8,6.0,5925.0,34 MT Morris Park W,"Manhattan, NY 10027","34 MT Morris Park WManhattan, NY 10027",United States,New York,New York County,New York,Mount Morris Park West,"34 Mt Morris Park W, New York, NY 10027, USA",40.806166,-73.9448308
"Brokered by Grandeur Realty, Inc.",House for sale,1680000,1,1.0,3536.0,314 W 138th St,"New York, NY 10030","314 W 138th StNew York, NY 10030",United States,New York,New York County,New York,West 138th Street,"314 W 138th St, New York, NY 10030, USA",40.8186279,-73.9460737
Brokered by Brown Harris Stevens,Townhouse for sale,2000000,5,3.0,3024.0,246 W 123rd St Unit Townhouse,"Manhattan, NY 10027","246 W 123rd St Unit TownhouseManhattan, NY 10027",United States,New York,New York County,New York,West 123rd Street,"246 W 123rd St, New York, NY 10027, USA",40.808174,-73.951091
Brokered by Douglas Elliman - 575 Madison Ave,House for sale,19499999,4,4.0,10000.0,182 Franklin St,"New York, NY 10013","182 Franklin StNew York, NY 10013",United States,New York,New York County,New York,Franklin Street,"182 Franklin St, New York, NY 10013, USA",40.7195687,-74.0094317
Brokered by COMPASS,Condo for sale,4000000,4,4.0,3704.0,247 Water St Unit Ph,"Manhattan, NY 10038","247 Water St Unit PhManhattan, NY 10038",United States,New York,New York County,PECK SLIP,Water Street,"247 Water St, PECK SLIP, NY 10038, USA",40.70799,-74.0021707
Brokered by COMPASS,Townhouse for sale,3500000,10,8.0,6201.0,313 W 92nd St,"Manhattan, NY 10025","313 W 92nd StManhattan, NY 10025",United States,New York,New York County,New York,West 92nd Street,"313 W 92nd St, New York, NY 10025, USA",40.793104,-73.975651
Brokered by COMPASS,Townhouse for sale,6999500,5,2.3738608579684373,4065.0,446 W 22nd St,"Manhattan, NY 10011","446 W 22nd StManhattan, NY 10011",United States,New York,New York County,New York,West 22nd Street,"446 W 22nd St, New York, NY 10011, USA",40.7463287,-74.0034571
Brokered by Douglas Elliman - 575 Madison Ave,House for sale,6995000,5,4.0,5000.0,239 E 48th St,"New York, NY 10017","239 E 48th StNew York, NY 10017",United States,New York,New York County,New York,East 48th Street,"239 E 48th St, New York, NY 10017, USA",40.7541017,-73.9701626
"Brokered by Nest Seekers International, Midtown",House for sale,13000000,5,4.0,6000.0,141 W 95th St,"New York, NY 10025","141 W 95th StNew York, NY 10025",United States,New York,New York County,New York,West 95th Street,"141 W 95th St, New York, NY 10025, USA",40.7929447,-73.9693548
Brokered by New York Residence,Townhouse for sale,12000000,10,10.0,5227.0,30 Eighth Ave,"New York, NY 10014","30 Eighth AveNew York, NY 10014",United States,New York,New York County,New York,8th Avenue,"30 8th Ave, New York, NY 10014, USA",40.7378493,-74.0042287
Brokered by Serhant,Townhouse for sale,19995000,11,11.0,11110.0,46 Laight St,"New York, NY 10013","46 Laight StNew York, NY 10013",United States,New York,New York County,New York,Laight Street,"46 Laight St, New York, NY 10013, USA",40.7221603,-74.0078633
Brokered by COMPASS,Townhouse for sale,12995000,5,4.0,4100.0,25 Perry St,"Manhattan, NY 10014","25 Perry StManhattan, NY 10014",United States,New York,New York County,New York,Perry Street,"25 Perry St, New York, NY 10014, USA",40.7358634,-74.0022086
Brokered by The Agency,Townhouse for sale,6900000,10,10.0,6060.0,53 W 94th St,"New York, NY 10025","53 W 94th StNew York, NY 10025",United States,New York,New York County,New York,West 94th Street,"53 W 94th St, New York, NY 10025, USA",40.7912137,-73.9671974
Brokered by Corcoran Chelsea/Flatiron,Co-op for sale,1450000,2,1.0,2184.207862,79 Perry St # F,"New York, NY 10014","79 Perry St # FNew York, NY 10014",United States,New York,New York County,New York,Perry Street,"79 Perry St, New York, NY 10014, USA",40.7355671,-74.0044939
"Brokered by Garfield, Leslie J. & Co., Inc.",Townhouse for sale,17995000,6,7.0,8068.0,25 W 88th St,"New York, NY 10024","25 W 88th StNew York, NY 10024",United States,New York,New York County,New York,West 88th Street,"25 W 88th St, New York, NY 10024, USA",40.7871816,-73.96924
Brokered by Douglas Elliman - 575 Madison Ave,House for sale,12495000,4,2.0,7825.0,121 E 83rd St,"New York, NY 10028","121 E 83rd StNew York, NY 10028",United States,New York,New York County,New York,East 83rd Street,"121 E 83rd St, New York, NY 10028, USA",40.7780321,-73.9574506
Brokered by COMPASS,Townhouse for sale,3450000,6,4.0,4400.0,215 W 138th St,"Manhattan, NY 10030","215 W 138th StManhattan, NY 10030",United States,New York,New York County,New York,West 138th Street,"215 W 138th St, New York, NY 10030, USA",40.8177498,-73.9430199
Brokered by Serhant,Townhouse for sale,5999999,4,4.0,4375.0,310 E 69th St,"New York, NY 10021","310 E 69th StNew York, NY 10021",United States,New York,New York County,New York,East 69th Street,"310 E 69th St, New York, NY 10021, USA",40.7665309,-73.9594908
Brokered by Serhant,Condo for sale,5250000,3,3.0,1757.0,75 First Ave # A,"New York, NY 10003","75 First Ave # ANew York, NY 10003",United States,New York,New York County,New York,1st Avenue,"75 1st Ave., New York, NY 10003, USA",40.725653,-73.987132
Brokered by Serhant,Condo for sale,5250000,3,3.0,1757.0,75 First Ave # A,"New York, NY 10003","75 First Ave # ANew York, NY 10003",United States,New York,New York County,New York,1st Avenue,"75 1st Ave., New York, NY 10003, USA",40.725653,-73.987132
Brokered by COMPASS,Townhouse for sale,3500000,8,7.0,4952.0,336 Convent Ave Unit Mltfmly,"Manhattan, NY 10031","336 Convent Ave Unit MltfmlyManhattan, NY 10031",United States,New York,New York County,New York,Convent Avenue,"336 Convent Ave, New York, NY 10031, USA",40.8239685,-73.9470302
"Brokered by Garfield, Leslie J. & Co., Inc.",Townhouse for sale,4995000,6,6.0,4000.0,218 E 31st St,"New York, NY 10016","218 E 31st StNew York, NY 10016",United States,New York,New York County,New York,East 31st Street,"218 E 31st St, New York, NY 10016, USA",40.74338,-73.9787014
Brokered by Corcoran East Side,Condo for sale,1375000,2,2.0,2184.207862,400 E 90th St Ph A,"New York, NY 10128","400 E 90th St Ph ANew York, NY 10128",United States,New York,New York County,New York,East 90th Street,"400 E 90th St, New York, NY 10128, USA",40.7791814,-73.9472929
Brokered by Corcoran SoHo,House for sale,4200000,3,1.0,2560.0,35 Stuyvesant St,"New York, NY 10003","35 Stuyvesant StNew York, NY 10003",United States,New York,New York County,New York,Stuyvesant Street,"35 Stuyvesant St, New York, NY 10003, USA",40.7300715,-73.9880189
Brokered by Corcoran East Side,Townhouse for sale,7950000,4,4.0,2184.207862,175 E 78th St,"New York, NY 10075","175 E 78th StNew York, NY 10075",United States,New York,New York County,New York,East 78th Street,"175 E 78th St, New York, NY 10075, USA",40.7740082,-73.9583902
"Brokered by Garfield, Leslie J. & Co., Inc.",Townhouse for sale,27000000,5,7.0,2184.207862,64-66 Bedford St,"New York, NY 10014","64-66 Bedford StNew York, NY 10014",United States,New York,New York County,New York,Bedford Street,"64 Bedford St, New York, NY 10014, USA",40.7312282,-74.0046153
Brokered by Douglas Elliman - 575 Madison Ave,House for sale,8999999,6,6.0,5500.0,152 E 63rd St,"New York, NY 10065","152 E 63rd StNew York, NY 10065",United States,New York,New York County,New York,East 63rd Street,"152 E 63rd St, New York, NY 10065, USA",40.764386,-73.9658214
Brokered by Douglas Elliman - 575 Madison Ave,Pending,36000000,8,10.0,16000.0,12 E 79th St,"New York, NY 10075","12 E 79th StNew York, NY 10075",United States,New York,New York County,New York,East 79th Street,"12 E 79th St, New York, NY 10075, USA",40.7764017,-73.9629479
Brokered by Corcoran Chelsea/Flatiron,Condo for sale,13000000,4,4.0,3844.0,385 W 12th St Ph W,"New York, NY 10014","385 W 12th St Ph WNew York, NY 10014",United States,New York,New York County,New York,West 12th Street,"385 W 12th St, New York, NY 10014, USA",40.7377131,-74.0087585
Brokered by Corcoran East Side,Condo for sale,29000000,5,2.3738608579684373,5508.0,180 E 88th St,"New York, NY 10128","180 E 88th StNew York, NY 10128",United States,New York,New York County,New York,East 88th Street,"180 E 88th St, New York, NY 10128, USA",40.7801822,-73.9536507
Brokered by COMPASS,Townhouse for sale,1650000,7,6.0,2184.207862,525 W 150th St,"Manhattan, NY 10031","525 W 150th StManhattan, NY 10031",United States,New York,New York County,New York,West 150th Street,"525 W 150th St, New York, NY 10031, USA",40.8290653,-73.9463359
Brokered by COMPASS,Townhouse for sale,2050000,7,4.0,5200.0,213 E 120th St,"Manhattan, NY 10035","213 E 120th StManhattan, NY 10035",United States,New York,New York County,New York,East 120th Street,"213 E 120th St, New York, NY 10035, USA",40.8003622,-73.9373581
Brokered by COMPASS,Townhouse for sale,10850000,4,2.3738608579684373,13000.0,591 Park Ave,"Manhattan, NY 10065","591 Park AveManhattan, NY 10065",United States,New York,New York County,New York,Park Avenue,"591 Park Ave, New York, NY 10065, USA",40.765596,-73.967349
Brokered by Corcoran East Side,Condo for sale,14950000,3,4.0,3228.0,39 W 23rd St,"New York, NY 10010","39 W 23rd StNew York, NY 10010",United States,New York,New York County,New York,West 23rd Street,"39 W 23rd St, New York, NY 10010, USA",40.7423282,-73.9911409
Brokered by COMPASS,Townhouse for sale,19995000,6,2.3738608579684373,8300.0,109 Waverly Pl,"Manhattan, NY 10011","109 Waverly PlManhattan, NY 10011",United States,New York,New York County,New York,Waverly Place,"109 Waverly Pl, New York, NY 10011, USA",40.7326368,-73.998918
Brokered by Douglas Elliman  -111 Fifth Ave,Co-op for sale,3500000,4,4.0,2700.0,325 W 52nd St Ph G,"New York, NY 10019","325 W 52nd St Ph GNew York, NY 10019",United States,New York,New York County,New York,West 52nd Street,"325 W 52nd St, New York, NY 10019, USA",40.7641121,-73.9862772
Brokered by Coldwell Banker Reliable,House for sale,4000000,32,12.0,7188.0,150 E 105th St,"New York, NY 10029","150 E 105th StNew York, NY 10029",United States,New York,New York County,New York,East 105th Street,"150 E 105th St, New York, NY 10029, USA",40.7912881,-73.9465215
Brokered by Douglas Elliman - 575 Madison Ave,House for sale,14750000,6,6.0,8790.0,7 E 69th St,"New York, NY 10021","7 E 69th StNew York, NY 10021",United States,New York,New York County,New York,East 69th Street,"7 E 69th St, New York, NY 10021, USA",40.7703119,-73.967354
Brokered by COMPASS,Condo for sale,18500000,4,4.0,4856.0,73 Wooster St # A,"Manhattan, NY 10012","73 Wooster St # AManhattan, NY 10012",United States,New York,New York County,New York,Wooster Street,"73 Wooster St, New York, NY 10012, USA",40.7238868,-74.0021541
Brokered by COMPASS,Condo for sale,8900000,5,5.0,4297.0,200 W End Ave,"Manhattan, NY 10023","200 W End AveManhattan, NY 10023",United States,New York,New York County,New York,West End Avenue,"200 West End Ave, New York, NY 10023, USA",40.7779612,-73.9854593
Brokered by Corcoran East Side,Co-op for sale,3195000,4,4.0,2184.207862,425 E 63rd St,"New York, NY 10065","425 E 63rd StNew York, NY 10065",United States,New York,New York County,New York,East 63rd Street,"425 E 63rd St, New York, NY 10065, USA",40.7617185,-73.9587133
Brokered by Corcoran Chelsea/Flatiron,House for sale,4195000,6,6.0,2184.207862,9 Clinton St,"New York, NY 10002","9 Clinton StNew York, NY 10002",United States,New York,New York County,New York,Clinton Street,"9 Clinton St, New York, NY 10002, USA",40.7210845,-73.9842397
Brokered by COMPASS,Condo for sale,8250000,6,6.0,3920.0,306 Mott St Unit Phtriplex,"Manhattan, NY 10012","306 Mott St Unit PhtriplexManhattan, NY 10012",United States,New York,New York County,New York,Mott Street,"306 Mott St, New York, NY 10012, USA",40.7250022,-73.9938611
Brokered by Douglas Elliman  -111 Fifth Ave,Multi-family home for sale,16995000,5,4.0,4230.0,31 Grove St,"New York, NY 10014","31 Grove StNew York, NY 10014",United States,New York,New York County,New York,Grove Street,"31 Grove St, New York, NY 10014, USA",40.7328257,-74.0048853
Brokered by Douglas Elliman  -111 Fifth Ave,Multi-family home for sale,16995000,5,4.0,4230.0,31 Grove St,"New York, NY 10014","31 Grove StNew York, NY 10014",United States,New York,New York County,New York,Grove Street,"31 Grove St, New York, NY 10014, USA",40.7328257,-74.0048853
Brokered by COMPASS,Townhouse for sale,10750000,8,2.3738608579684373,7327.0,141 E 63rd St,"Manhattan, NY 10065","141 E 63rd StManhattan, NY 10065",United States,New York,New York County,New York,East 63rd Street,"141 E 63rd St, New York, NY 10065, USA",40.764757,-73.965815
Brokered by Douglas Elliman - 2112 Frederick Douglass Blvd,Multi-family home for sale,1279900,3,2.3738608579684373,3812.0,51 E 126th St,"New York, NY 10035","51 E 126th StNew York, NY 10035",United States,New York,New York County,New York,East 126th Street,"51 E 126th St, New York, NY 10035, USA",40.8062253,-73.9393116
Brokered by Brown Harris Stevens,Townhouse for sale,2395000,6,4.0,3972.0,438 W 162nd St Unit Townhouse,"Manhattan, NY 10032","438 W 162nd St Unit TownhouseManhattan, NY 10032",United States,New York,New York County,New York,West 162nd Street,"438 W 162nd St, New York, NY 10032, USA",40.8351954,-73.9390016
Brokered by COMPASS,Townhouse for sale,12000000,4,2.3738608579684373,5500.0,22 E 78th St,"Manhattan, NY 10075","22 E 78th StManhattan, NY 10075",United States,New York,New York County,New York,East 78th Street,"22 E 78th St, New York, NY 10075, USA",40.7756853,-73.9632303
Brokered by COMPASS,Multi-family home for sale,1850000,8,4.0,5000.0,216 E 117th St,"Manhattan, NY 10035","216 E 117th StManhattan, NY 10035",United States,New York,New York County,New York,East 117th Street,"216 E 117th St, New York, NY 10035, USA",40.7981001,-73.9389098
Brokered by Corcoran Park Avenue South,Condo for sale,12995000,4,4.0,4155.0,10 Greene St,"New York, NY 10013","10 Greene StNew York, NY 10013",United States,New York,New York County,New York,Greene Street,"10 Greene St, New York, NY 10013, USA",40.7207039,-74.0027289
Brokered by Brown Harris Stevens - 445 Park Avenue,Townhouse for sale,3695000,10,8.0,2184.207862,315 E 51st St Unit Townhouse,"Manhattan, NY 10022","315 E 51st St Unit TownhouseManhattan, NY 10022",United States,New York,New York County,New York,East 51st Street,"315 E 51st St, New York, NY 10022, USA",40.7553475,-73.9673212
Brokered by Coldwell Banker Warburg,Condo for sale,7750000,3,4.0,2855.0,279 Central Park W Units 3 & 4B,"New York, NY 10024","279 Central Park W Units 3 & 4BNew York, NY 10024",United States,New York,New York County,New York,Central Park West,"279 Central Park W, New York, NY 10024, USA",40.7868701,-73.9686086
Brokered by William Raveis Real Estate - Rye,Multi-family home for sale,1900000,5,4.0,3640.0,311 W 138th St,"New York, NY 10030","311 W 138th StNew York, NY 10030",United States,New York,New York County,New York,West 138th Street,"311 W 138th St, New York, NY 10030, USA",40.8188422,-73.9456834
Brokered by Serhant,Condo for sale,12500000,4,4.0,2938.0,71 Reade St # A,"New York, NY 10007","71 Reade St # ANew York, NY 10007",United States,New York,New York County,New York,Reade Street,"71 Reade St, New York, NY 10007, USA",40.714922,-74.0070262
Brokered by Sotheby's International Realty - East Side Manhattan Brokerage,Condo for sale,10850000,4,2.3738608579684373,4372.0,555 W End Ave,"New York, NY 10024","555 W End AveNew York, NY 10024",United States,New York,New York County,New York,West End Avenue,"555 West End Ave, New York, NY 10024, USA",40.7895088,-73.9778147
Brokered by COMPASS,Condo for sale,595000,1,1.0,574.0,26 W 127th St Unit Garden,"Manhattan, NY 10027","26 W 127th St Unit GardenManhattan, NY 10027",United States,New York,New York County,New York,West 127th Street,"26 W 127th St, New York, NY 10027, USA",40.8080535,-73.9426066
Brokered by COMPASS,Townhouse for sale,13995000,5,2.3738608579684373,6815.0,137 W 77th St,"Manhattan, NY 10024","137 W 77th StManhattan, NY 10024",United States,New York,New York County,New York,West 77th Street,"137 W 77th St, New York, NY 10024, USA",40.7813836,-73.9776937
Brokered by NEXT - NextStopNY,Co-op for sale,2095000,4,4.0,2184.207862,345 E 56th St Ph C,"New York, NY 10022","345 E 56th St Ph CNew York, NY 10022",United States,New York,New York County,New York,East 56th Street,"345 E 56th St, New York, NY 10022, USA",40.7579677,-73.9636757
Brokered by Douglas Elliman - 2112 Frederick Douglass Blvd,Pending,2495000,5,4.0,4230.0,217 W 122nd St,"New York, NY 10027","217 W 122nd StNew York, NY 10027",United States,New York,New York County,New York,West 122nd Street,"217 W 122nd St, New York, NY 10027, USA",40.807581,-73.9505281
Brokered by Corcoran Park Avenue South,Townhouse for sale,25000000,6,6.0,2184.207862,29 E 63rd St,"New York, NY 10065","29 E 63rd StNew York, NY 10065",United States,New York,New York County,New York,East 63rd Street,"29 E 63rd St, New York, NY 10065, USA",40.7659809,-73.9689839
Brokered by Douglas Elliman - 575 Madison Ave,Multi-family home for sale,25750000,6,6.0,2184.207862,17 E 76th St,"New York, NY 10021","17 E 76th StNew York, NY 10021",United States,New York,New York County,New York,East 76th Street,"17 E 76th St, New York, NY 10021, USA",40.7747817,-73.9639595
Brokered by Serhant,Townhouse for sale,12995000,4,4.0,5608.0,129 E 70th St,"New York, NY 10021","129 E 70th StNew York, NY 10021",United States,New York,New York County,New York,East 70th Street,"129 E 70th St, New York, NY 10021, USA",40.7694487,-73.9634625
Brokered by Corcoran West Side,Co-op for sale,2395000,2,2.0,1650.0,320 E 57th St # E,"New York, NY 10022","320 E 57th St # ENew York, NY 10022",United States,New York,New York County,New York,East 57th Street,"320 E 57th St, New York, NY 10022, USA",40.7588081,-73.9647057
Brokered by Keller Williams Realty NYC Grp,Multi-family home for sale,3200000,3,2.3738608579684373,3735.0,2117 5th Ave,"New York, NY 10035","2117 5th AveNew York, NY 10035",United States,New York,New York County,New York,5th Avenue,"2117 5th Ave, New York, NY 10035, USA",40.8093495,-73.9398627
Brokered by Keller Williams Realty NYC Grp,Multi-family home for sale,3200000,3,2.3738608579684373,3735.0,2117 5th Ave,"New York, NY 10035","2117 5th AveNew York, NY 10035",United States,New York,New York County,New York,5th Avenue,"2117 5th Ave, New York, NY 10035, USA",40.8093495,-73.9398627
Brokered by COMPASS,Multi-family home for sale,3720000,8,8.0,5500.0,29 Essex St,"Manhattan, NY 10002","29 Essex StManhattan, NY 10002",United States,New York,New York County,New York,Essex Street,"29 Essex St, New York, NY 10002, USA",40.7158959,-73.989796
Brokered by Sotheby's International Realty - East Side Manhattan Brokerage,Townhouse for sale,11950000,6,5.0,5336.0,27 E 73rd St,"New York, NY 10021","27 E 73rd StNew York, NY 10021",United States,New York,New York County,New York,East 73rd Street,"27 E 73rd St, New York, NY 10021, USA",40.772751,-73.9650884
Brokered by Douglas Elliman - 575 Madison Ave,Townhouse for sale,19995000,7,6.0,8200.0,14 E 81st St,"New York, NY 10028","14 E 81st StNew York, NY 10028",United States,New York,New York County,New York,East 81st Street,"14 E 81st St, New York, NY 10028, USA",40.7777833,-73.962008
Brokered by Reserve,Co-op for sale,32000000,4,6.0,7500.0,383 W Broadway,"New York, NY 10012","383 W BroadwayNew York, NY 10012",United States,New York,New York County,New York,West Broadway,"383 W Broadway, New York, NY 10012, USA",40.7237571,-74.0021582
Brokered by Corcoran Chelsea/Flatiron,Townhouse for sale,4875000,3,3.0,2184.207862,130 E 38th St,"New York, NY 10016","130 E 38th StNew York, NY 10016",United States,New York,New York County,New York,East 38th Street,"130 E 38th St, New York, NY 10016, USA",40.748964,-73.978301
Brokered by Sotheby's International Realty - East Side Manhattan Brokerage,Townhouse for sale,2995000,5,2.0,4900.0,234 W 138th St,"New York, NY 10030","234 W 138th StNew York, NY 10030",United States,New York,New York County,New York,West 138th Street,"234 W 138th St, New York, NY 10030, USA",40.8178071,-73.9440991
Brokered by Corcoran East Side,Multi-family home for sale,10000000,7,8.0,2184.207862,35 W 11th St,"New York, NY 10011","35 W 11th StNew York, NY 10011",United States,New York,New York County,New York,West 11th Street,"35 W 11th St, New York, NY 10011, USA",40.734814,-73.996305
Brokered by Corcoran Park Avenue South,Townhouse for sale,15995000,5,2.3738608579684373,2184.207862,65 Bedford St,"New York, NY 10014","65 Bedford StNew York, NY 10014",United States,New York,New York County,New York,Bedford Street,"65 Bedford St, New York, NY 10014, USA",40.7311289,-74.0048678
Brokered by COMPASS,Townhouse for sale,7850000,5,4.0,6060.0,128 E 19th St,"Manhattan, NY 10003","128 E 19th StManhattan, NY 10003",United States,New York,New York County,New York,East 19th Street,"128 E 19th St, New York, NY 10003, USA",40.7366749,-73.9860561
Brokered by COMPASS,Multi-family home for sale,4999000,8,5.0,4120.0,458 W 51st St,"Manhattan, NY 10019","458 W 51st StManhattan, NY 10019",United States,New York,New York County,New York,West 51st Street,"458 W 51st St, New York, NY 10019, USA",40.764924,-73.9907911
Brokered by Corcoran East Side,House for sale,4900000,4,2.3738608579684373,3100.0,157 E 78th St,"New York, NY 10075","157 E 78th StNew York, NY 10075",United States,New York,New York County,New York,East 78th Street,"157 E 78th St, New York, NY 10075, USA",40.7742274,-73.9588396
Brokered by COMPASS,Condo for sale,3000000,3,3.0,2100.0,418 E 59th St # B,"Manhattan, NY 10022","418 E 59th St # BManhattan, NY 10022",United States,New York,New York County,New York,East 59th Street,"418 E 59th St, New York, NY 10022, USA",40.7590132,-73.9612618
Brokered by Coldwell Banker Warburg,Townhouse for sale,3595000,5,4.0,4675.0,549 W 149th St,"New York, NY 10031","549 W 149th StNew York, NY 10031",United States,New York,New York County,New York,West 149th Street,"549 W 149th St, New York, NY 10031, USA",40.828721,-73.947403
"Brokered by Garfield, Leslie J. & Co., Inc.",Townhouse for sale,10950000,8,8.0,9555.0,350 W End Ave,"New York, NY 10024","350 W End AveNew York, NY 10024",United States,New York,New York County,New York,West End Avenue,"350 West End Ave, New York, NY 10024, USA",40.7826176,-73.9820502
"Brokered by Nest Seekers International, Midtown",House for sale,10250000,7,6.0,5200.0,1211 Park Ave,"New York, NY 10128","1211 Park AveNew York, NY 10128",United States,New York,New York County,New York,Park Avenue,"1211 Park Ave, New York, NY 10128, USA",40.7854792,-73.9528586
Brokered by Brown Harris Stevens,Townhouse for sale,2999000,9,8.0,5560.0,1937 Madison Ave Unit Townhouse,"Manhattan, NY 10035","1937 Madison Ave Unit TownhouseManhattan, NY 10035",United States,New York,New York County,New York,Madison Avenue,"1937 Madison Ave, New York, NY 10035, USA",40.8052328,-73.9407352
Brokered by Brown Harris Stevens - 445 Park Avenue,Co-op for sale,2500000,5,6.0,3860.0,870 United Nations Plaza Plz Units 37 & 38C,"Manhattan, NY 10017","870 United Nations Plaza Plz Units 37 & 38CManhattan, NY 10017",United States,New York,New York County,New York,United Nations Plaza,"870 United Nations Plaza, New York, NY 10017, USA",40.7524819,-73.9654633
Brokered by COMPASS,Co-op for sale,3499000,6,8.0,6000.0,190 E 72nd St Units 23C & 24ABC,"Manhattan, NY 10021","190 E 72nd St Units 23C & 24ABCManhattan, NY 10021",United States,New York,New York County,New York,East 72nd Street,"190 E 72nd St, New York, NY 10021, USA",40.7698703,-73.9611404
Brokered by Brown Harris Stevens,Co-op for sale,649000,1,2.0,1000.0,45 Sutton Pl S Apt 14G,"Manhattan, NY 10022","45 Sutton Pl S Apt 14GManhattan, NY 10022",United States,New York,New York County,New York,Sutton Place South,"45 Sutton Pl S, New York, NY 10022, USA",40.7556274,-73.9614685
Brokered by Brown Harris Stevens,Condo for sale,11500000,5,5.0,5276.0,39 Lispenard St Unit 3RDFLOOR,"Manhattan, NY 10013","39 Lispenard St Unit 3RDFLOORManhattan, NY 10013",United States,New York,New York County,New York,Lispenard Street,"39 Lispenard St, New York, NY 10013, USA",40.7198832,-74.0033836
Brokered by Douglas Elliman - 575 Madison Ave,Condo for sale,2500000,2,2.0,1250.0,350 W 42nd St Ph D,"New York, NY 10036","350 W 42nd St Ph DNew York, NY 10036",United States,New York,New York County,New York,West 42nd Street,"350 W 42nd St, New York, NY 10036, USA",40.7578531,-73.9923304
Brokered by Douglas Elliman  -111 Fifth Ave,Townhouse for sale,7550000,5,5.0,2184.207862,48 Charles St,"New York, NY 10014","48 Charles StNew York, NY 10014",United States,New York,New York County,New York,Charles Street,"48 Charles St, New York, NY 10014, USA",40.7348673,-74.0023636
Brokered by COMPASS,House for sale,14000000,3,2.3738608579684373,23027.0,39 Eldridge St,"Manhattan, NY 10002","39 Eldridge StManhattan, NY 10002",United States,New York,New York County,New York,Eldridge Street,"39 Eldridge St, New York, NY 10002, USA",40.7157769,-73.99357
Brokered by Corcoran East Side,Townhouse for sale,22500000,4,2.3738608579684373,4000.0,22 Bank St,"New York, NY 10014","22 Bank StNew York, NY 10014",United States,New York,New York County,New York,Bank Street,"22 Bank St, New York, NY 10014, USA",40.7368312,-74.0024003
Brokered by Sotheby's International Realty - East Side Manhattan Brokerage,Condo for sale,950000,1,1.0,560.0,323 E 53rd Street Ter Ste B,"New York, NY 10022","323 E 53rd Street Ter Ste BNew York, NY 10022",United States,New York,New York County,New York,East 53rd Street,"323 E 53rd St, New York, NY 10022, USA",40.7564316,-73.9660912
Brokered by COMPASS,Co-op for sale,280000,3,1.0,2184.207862,25 Tudor City Pl Apt 2006,"Manhattan, NY 10017","25 Tudor City Pl Apt 2006Manhattan, NY 10017",United States,New York,New York County,New York,Tudor City Place,"25 Tudor City Pl, New York, NY 10017, USA",40.7486808,-73.9705383
Brokered by Sotheby's International Realty - East Side Manhattan Brokerage,Co-op for sale,4650000,3,3.0,2184.207862,150 Central Park S,"New York, NY 10019","150 Central Park SNew York, NY 10019",United States,New York,New York County,New York,Central Park South,"150 Central Park S, New York, NY 10019, USA",40.7661258,-73.9779145
Brokered by Corcoran East Side,House for sale,24500000,6,8.0,8400.0,52 E 66th St,"New York, NY 10065","52 E 66th StNew York, NY 10065",United States,New York,New York County,New York,East 66th Street,"52 E 66th St, New York, NY 10065, USA",40.7675628,-73.967656
Brokered by Sotheby's International Realty - East Side Manhattan Brokerage,Co-op for sale,4650000,3,3.0,2184.207862,150 Central Park S,"New York, NY 10019","150 Central Park SNew York, NY 10019",United States,New York,New York County,New York,Central Park South,"150 Central Park S, New York, NY 10019, USA",40.7661258,-73.9779145
Brokered by LoHo Realty Inc,Co-op for sale,1398000,4,2.0,2184.207862,530 Grand St Unit D4C4,"New York City, NY 10002","530 Grand St Unit D4C4New York City, NY 10002",United States,New York,New York County,New York,Grand Street,"530 Grand St, New York, NY 10002, USA",40.7147871,-73.9809765
Brokered by Douglas Elliman - 575 Madison Ave,House for sale,12500000,4,6.0,7500.0,64 E 7th St,"New York, NY 10003","64 E 7th StNew York, NY 10003",United States,New York,New York County,New York,East 7th Street,"64 E 7th St, New York, NY 10003, USA",40.7273703,-73.9870777
Brokered by Serhant,Townhouse for sale,26000000,8,6.0,10940.0,23 E 67th St,"New York, NY 10065","23 E 67th StNew York, NY 10065",United States,New York,New York County,New York,East 67th Street,"23 E 67th St, New York, NY 10065, USA",40.7688699,-73.9678746
Brokered by Douglas Elliman - 575 Madison Ave,Townhouse for sale,8750000,3,4.0,4275.0,133 E 91st St,"New York, NY 10128","133 E 91st StNew York, NY 10128",United States,New York,New York County,New York,East 91st Street,"133 E 91st St, New York, NY 10128, USA",40.7829849,-73.9535589
Brokered by Brown Harris Stevens,Townhouse for sale,4200000,5,4.0,4480.0,164 W 88th St Unit Townhouse,"Manhattan, NY 10024","164 W 88th St Unit TownhouseManhattan, NY 10024",United States,New York,New York County,New York,West 88th Street,"164 W 88th St, New York, NY 10024, USA",40.788437,-73.9731887
"Brokered by Nest Seekers International, Midtown",Townhouse for sale,24950000,7,5.0,12000.0,6 E 69th St,"New York, NY 10021","6 E 69th StNew York, NY 10021",United States,New York,New York County,New York,East 69th Street,"6 E 69th St, New York, NY 10065, USA",40.7700688,-73.9679334
Brokered by The Greene Realty Group,Multi-family home for sale,1600000,9,3.0,3000.0,53 E 126th St,"New York, NY 10035","53 E 126th StNew York, NY 10035",United States,New York,New York County,New York,East 126th Street,"53 E 126th St, New York, NY 10035, USA",40.8062235,-73.9392312
"Brokered by Nest Seekers International, Midtown",Townhouse for sale,24950000,7,5.0,12000.0,6 E 69th St,"New York, NY 10021","6 E 69th StNew York, NY 10021",United States,New York,New York County,New York,East 69th Street,"6 E 69th St, New York, NY 10065, USA",40.7700688,-73.9679334
Brokered by CHRISTIE'S INT.REAL ESTATE GROUP,Townhouse for sale,10750000,5,6.0,5771.0,123 E 80th St,"New York, NY 10075","123 E 80th StNew York, NY 10075",United States,New York,New York County,New York,East 80th Street,"123 E 80th St, New York, NY 10075, USA",40.776067,-73.9588179
Brokered by COMPASS,Townhouse for sale,3200000,5,6.0,5400.0,121 W 136th St,"Manhattan, NY 10030","121 W 136th StManhattan, NY 10030",United States,New York,New York County,New York,West 136th Street,"121 W 136th St, New York, NY 10030, USA",40.8153973,-73.9412519
Brokered by COMPASS,Townhouse for sale,6995000,6,5.0,3552.0,74 Macdougal St,"Manhattan, NY 10012","74 Macdougal StManhattan, NY 10012",United States,New York,New York County,New York,MacDougal Street,"74 MacDougal St, New York, NY 10012, USA",40.7283165,-74.0017116
Brokered by Brown Harris Stevens - 445 Park Avenue,Co-op for sale,5999000,4,3.0,3900.0,322 E 57th St Units 12 & 13A,"Manhattan, NY 10022","322 E 57th St Units 12 & 13AManhattan, NY 10022",United States,New York,New York County,New York,East 57th Street,"322 E 57th St, New York, NY 10022, USA",40.7588099,-73.9645276
Brokered by Douglas Elliman - 575 Madison Ave,Townhouse for sale,6500000,5,4.0,4000.0,247 E 71st St,"New York, NY 10021","247 E 71st StNew York, NY 10021",United States,New York,New York County,New York,East 71st Street,"247 E 71st St, New York, NY 10021, USA",40.7685714,-73.959526
Brokered by Sotheby's International Realty - East Side Manhattan Brokerage,Co-op for sale,1995000,5,3.0,2400.0,520 E 90th St # 2GLM,"New York, NY 10128","520 E 90th St # 2GLMNew York, NY 10128",United States,New York,New York County,New York,East 90th Street,"520 E 90th St, New York, NY 10128, USA",40.7779975,-73.9445342
Brokered by Sotheby's International Realty - East Side Manhattan Brokerage,Co-op for sale,1995000,5,3.0,2400.0,520 E 90th St # 2GLM,"New York, NY 10128","520 E 90th St # 2GLMNew York, NY 10128",United States,New York,New York County,New York,East 90th Street,"520 E 90th St, New York, NY 10128, USA",40.7779975,-73.9445342
Brokered by COMPASS,Townhouse for sale,6900000,4,4.0,4000.0,335 E 18th St,"Manhattan, NY 10003","335 E 18th StManhattan, NY 10003",United States,New York,New York County,New York,East 18th Street,"335 E 18th St, New York, NY 10003, USA",40.73439,-73.981607
Brokered by Sotheby's International Realty - Downtown Manhattan,Townhouse for sale,22500000,4,2.3738608579684373,9132.0,217 W 20th St,"New York, NY 10011","217 W 20th StNew York, NY 10011",United States,New York,New York County,New York,West 20th Street,"217 W 20th St, New York, NY 10011, USA",40.7427821,-73.9977697
Brokered by Vandenberg -The Townhouse Experts,Contingent,12850000,5,5.0,5139.0,53 W 71st St,"New York, NY 10023","53 W 71st StNew York, NY 10023",United States,New York,New York County,New York,West 71st Street,"53 W 71st St, New York, NY 10023, USA",40.7764987,-73.9782935
Brokered by Brown Harris Stevens - 100 Seventh Avenue,Townhouse for sale,3500000,7,4.0,2184.207862,2115 Fifth Ave Unit Townhouse,"Manhattan, NY 10035","2115 Fifth Ave Unit TownhouseManhattan, NY 10035",United States,New York,New York County,New York,5th Avenue,"2115 5th Ave, New York, NY 10035, USA",40.8092578,-73.9398282
Brokered by Brown Harris Stevens,Townhouse for sale,14995000,3,0.0,2184.207862,50 W 86th St Unit Townhouse,"Manhattan, NY 10024","50 W 86th St Unit TownhouseManhattan, NY 10024",United States,New York,New York County,New York,West 86th Street,"50 W 86th St, New York, NY 10024, USA",40.786046,-73.9718342
Brokered by Corcoran East Side,Co-op for sale,1650000,3,3.0,1800.0,123 W 86th St # G,"New York, NY 10024","123 W 86th St # GNew York, NY 10024",United States,New York,New York County,New York,West 86th Street,"123 W 86th St, New York, NY 10024, USA",40.7870704,-73.9729362
"Brokered by Fillmore Real Estate Fusion Team, INC.",Co-op for sale,990000,1,1.0,850.0,24 W 55th St Ph D,"New York, NY 10019","24 W 55th St Ph DNew York, NY 10019",United States,New York,New York County,New York,West 55th Street,"24 W 55th St, New York, NY 10019, USA",40.7615992,-73.9757944
Brokered by Corcoran East Side,Co-op for sale,1650000,3,3.0,1800.0,123 W 86th St # G,"New York, NY 10024","123 W 86th St # GNew York, NY 10024",United States,New York,New York County,New York,West 86th Street,"123 W 86th St, New York, NY 10024, USA",40.7870704,-73.9729362
Brokered by COMPASS,Townhouse for sale,5000000,3,2.0,2569.0,165 Chrystie St Unit Th,"Manhattan, NY 10002","165 Chrystie St Unit ThManhattan, NY 10002",United States,New York,New York County,New York,Chrystie Street,"165 Chrystie St, New York, NY 10002, USA",40.720727,-73.9928511
Brokered by Douglas Elliman  -111 Fifth Ave,House for sale,6995000,9,6.0,9550.0,159 Rivington St,"New York, NY 10002","159 Rivington StNew York, NY 10002",United States,New York,New York County,New York,Rivington Street,"159 Rivington St, New York, NY 10002, USA",40.7189961,-73.9854648
"Brokered by Garfield, Leslie J. & Co., Inc.",Townhouse for sale,6495000,6,6.0,5232.0,117 W 85th St,"New York, NY 10024","117 W 85th StNew York, NY 10024",United States,New York,New York County,New York,West 85th Street,"117 W 85th St, New York, NY 10024, USA",40.7863645,-73.9735331
Brokered by Douglas Elliman - 575 Madison Ave,Condo for sale,2980000,3,3.0,1756.0,1280 Fifth Ave Ph B,"New York, NY 10029","1280 Fifth Ave Ph BNew York, NY 10029",United States,New York,New York County,New York,5th Avenue,"1280 5th Ave, New York, NY 10029, USA",40.7961886,-73.949116
"Brokered by Garfield, Leslie J. & Co., Inc.",Townhouse for sale,15850000,5,6.0,2184.207862,15 E 93rd St,"New York, NY 10128","15 E 93rd StNew York, NY 10128",United States,New York,New York County,New York,East 93rd Street,"15 E 93rd St, New York, NY 10128, USA",40.7857744,-73.9562222
Brokered by Corcoran West Side,Condo for sale,10900000,5,6.0,3633.0,39 W 23rd St # N,"New York, NY 10010","39 W 23rd St # NNew York, NY 10010",United States,New York,New York County,New York,West 23rd Street,"39 W 23rd St, New York, NY 10010, USA",40.7423282,-73.9911409
Brokered by Corcoran West Side,Condo for sale,10900000,5,6.0,3633.0,39 W 23rd St # N,"New York, NY 10010","39 W 23rd St # NNew York, NY 10010",United States,New York,New York County,New York,West 23rd Street,"39 W 23rd St, New York, NY 10010, USA",40.7423282,-73.9911409
Brokered by Douglas Elliman - 575 Madison Ave,Townhouse for sale,4895000,4,4.0,3622.0,66 Reade St Unit Th,"New York, NY 10007","66 Reade St Unit ThNew York, NY 10007",United States,New York,New York County,New York,Reade Street,"66 Reade St, New York, NY 10007, USA",40.7151591,-74.006685
Brokered by Coldwell Banker Reliable Real Estate,Multi-family home for sale,4000000,32,12.0,7200.0,154 E 105th St,"New York, NY 10029","154 E 105th StNew York, NY 10029",United States,New York,New York County,New York,East 105th Street,"154 E 105th St, New York, NY 10029, USA",40.791206,-73.946512
Brokered by OFFICIAL,Townhouse for sale,8575000,6,6.0,5500.0,161 E 63rd St,"New York, NY 10065","161 E 63rd StNew York, NY 10065",United States,New York,New York County,New York,East 63rd Street,"161 E 63rd St, New York, NY 10065, USA",40.7645068,-73.9653462
Brokered by Sotheby's International Realty - East Side Manhattan Brokerage,Co-op for sale,10500000,5,6.0,2184.207862,955 5th Ave # 4 & 5A,"New York, NY 10075","955 5th Ave # 4 & 5ANew York, NY 10075",United States,New York,New York County,New York,5th Avenue,"955 5th Ave, New York, NY 10075, USA",40.7753473,-73.9646138
Brokered by COMPASS,Pending,750000,3,2.0,1260.0,1947 Adam Clayton Powell Jr Blvd Apt 1,"Manhattan, NY 10026","1947 Adam Clayton Powell Jr Blvd Apt 1Manhattan, NY 10026",United States,New York,New York County,New York,Adam Clayton Powell Junior Boulevard,"1947 Adam Clayton Powell Jr Blvd, New York, NY 10026, USA",40.8040569,-73.951435
Brokered by Peter Ashe Real Estate- Peter Ashe Real Estate,Townhouse for sale,7800000,7,8.0,7200.0,120 E 61st St,"New York, NY 10065","120 E 61st StNew York, NY 10065",United States,New York,New York County,New York,East 61st Street,"120 E 61st St, New York, NY 10065, USA",40.7636541,-73.9681695
Brokered by Douglas Elliman - 936 Broadway,Multi-family home for sale,5950000,6,5.0,2184.207862,416 E 50th St,"New York, NY 10022","416 E 50th StNew York, NY 10022",United States,New York,New York County,New York,East 50th Street,"416 E 50th St, New York, NY 10022, USA",40.7534926,-73.9655356
Brokered by Peter Ashe Real Estate- Peter Ashe Real Estate,Townhouse for sale,9750000,8,7.0,7228.0,53 E 64th St Unit Th,"New York, NY 10065","53 E 64th St Unit ThNew York, NY 10065",United States,New York,New York County,New York,East 64th Street,"53 E 64th St, New York, NY 10065, USA",40.7664631,-73.9679613
Brokered by Corcoran East Side,House for sale,19500000,5,7.0,2184.207862,118 E 83rd St,"New York, NY 10028","118 E 83rd StNew York, NY 10028",United States,New York,New York County,New York,East 83rd Street,"118 E 83rd St, New York, NY 10028, USA",40.7776535,-73.957772
Brokered by Serhant,Condo for sale,7990000,5,4.0,5202.0,46 Laight St Unit Maisonette,"New York, NY 10013","46 Laight St Unit MaisonetteNew York, NY 10013",United States,New York,New York County,New York,Laight Street,"46 Laight St, New York, NY 10013, USA",40.7221603,-74.0078633
Brokered by Brown Harris Stevens - 445 Park Avenue,Co-op for sale,750000,3,2.0,1600.0,1070 Park Avenue Ave Units MAIS & 1A,"Manhattan, NY 10128","1070 Park Avenue Ave Units MAIS & 1AManhattan, NY 10128",United States,New York,New York County,New York,Park Avenue,"1070 Park Ave, New York, NY 10128, USA",40.7813792,-73.9554399
Brokered by Serhant,Condo for sale,7990000,5,4.0,5202.0,46 Laight St Unit Maisonette,"New York, NY 10013","46 Laight St Unit MaisonetteNew York, NY 10013",United States,New York,New York County,New York,Laight Street,"46 Laight St, New York, NY 10013, USA",40.7221603,-74.0078633
Brokered by Corcoran Chelsea/Flatiron,House for sale,6250000,4,2.0,4500.0,26 E 22nd St # 2/3,"New York, NY 10010","26 E 22nd St # 2/3New York, NY 10010",United States,New York,New York County,New York,East 22nd Street,"26 E 22nd St, New York, NY 10010, USA",40.739891,-73.9882646
Brokered by Corcoran East Side,Co-op for sale,15500000,4,6.0,2184.207862,1185 Park Ave # 16 & 17F,"New York, NY 10128","1185 Park Ave # 16 & 17FNew York, NY 10128",United States,New York,New York County,New York,Park Avenue,"1617 Park Ave, New York, NY 10029, USA",40.7985635,-73.943597
Brokered by Douglas Elliman - 575 Madison Ave,Townhouse for sale,6850000,4,4.0,2184.207862,173 E 70th St,"New York, NY 10021","173 E 70th StNew York, NY 10021",United States,New York,New York County,New York,East 70th Street,"173 E 70th St, New York, NY 10021, USA",40.7688879,-73.962056
Brokered by Brown Harris Stevens,Co-op for sale,595000,3,1.0,2184.207862,19 E 73rd St Unit Medical,"Manhattan, NY 10021","19 E 73rd St Unit MedicalManhattan, NY 10021",United States,New York,New York County,New York,East 73rd Street,"19 E 73rd St, New York, NY 10021, USA",40.7728688,-73.9653065
Brokered by LoHo Realty Inc,Co-op for sale,499000,1,1.0,2184.207862,575 Grand St Apt E203,"New York City, NY 10002","575 Grand St Apt E203New York City, NY 10002",United States,New York,New York County,New York,Grand Street,"575 Grand St, New York, NY 10002, USA",40.7135079,-73.9794056
Brokered by Brown Harris Stevens - 1926 Broadway,Co-op for sale,4995000,4,4.0,5500.0,485 Park Avenue Ave Unit 11FLR,"Manhattan, NY 10022","485 Park Avenue Ave Unit 11FLRManhattan, NY 10022",United States,New York,New York County,New York,Park Avenue,"485 Park Ave, New York, NY 10022, USA",40.7622996,-73.9698344
Brokered by COMPASS,Condo for sale,11000000,4,4.0,3452.0,177 9th Ave Ph A,"Manhattan, NY 10011","177 9th Ave Ph AManhattan, NY 10011",United States,New York,New York County,New York,9th Avenue,"177 9th Ave, New York, NY 10011, USA",40.7450569,-74.0027927
Brokered by Keller Williams NYC,Townhouse for sale,3400000,5,4.0,4852.0,218 W 139th St Unit Th,"New York, NY 10030","218 W 139th St Unit ThNew York, NY 10030",United States,New York,New York County,New York,West 139th Street,"218 W 139th St, New York, NY 10030, USA",40.8180997,-73.9429051
Brokered by COMPASS,Condo for sale,11000000,4,4.0,3452.0,177 9th Ave Ph A,"Manhattan, NY 10011","177 9th Ave Ph AManhattan, NY 10011",United States,New York,New York County,New York,9th Avenue,"177 9th Ave, New York, NY 10011, USA",40.7450569,-74.0027927
Brokered by Serhant,Townhouse for sale,19995000,6,8.0,8757.0,80 Washington Pl,"New York, NY 10011","80 Washington PlNew York, NY 10011",United States,New York,New York County,New York,Washington Place,"80 Washington Pl, New York, NY 10011, USA",40.7318882,-73.9999891
Brokered by Corcoran West Side Gallery,Co-op for sale,3150000,4,3.0,2184.207862,101 W 81st St # 615/616,"New York, NY 10024","101 W 81st St # 615/616New York, NY 10024",United States,New York,New York County,New York,West 81st Street,"101 W 81st St, New York, NY 10024, USA",40.7835147,-73.9748183
Brokered by Brown Harris Stevens - 445 Park Avenue,Co-op for sale,15000000,4,6.0,2184.207862,820 Fifth Ave Unit Maisonette,"Manhattan, NY 10065","820 Fifth Ave Unit MaisonetteManhattan, NY 10065",United States,New York,New York County,New York,5th Avenue,"820 5th Ave, New York, NY 10065, USA",40.7668419,-73.9707457
Brokered by Leven Real Estate - Head Office,Condo for sale,800000,3,1.0,916.0,15 Broad St Apt 1928,"New York, NY 10005","15 Broad St Apt 1928New York, NY 10005",United States,New York,New York County,New York,Broad Street,"15 Broad St, New York, NY 10005, USA",40.7067114,-74.010457
Brokered by Leven Real Estate - Head Office,Condo for sale,800000,3,1.0,916.0,15 Broad St Apt 1928,"New York, NY 10005","15 Broad St Apt 1928New York, NY 10005",United States,New York,New York County,New York,Broad Street,"15 Broad St, New York, NY 10005, USA",40.7067114,-74.010457
Brokered by COMPASS,Townhouse for sale,7250000,1,2.3738608579684373,4930.0,155 Duane St,"Manhattan, NY 10013","155 Duane StManhattan, NY 10013",United States,New York,New York County,New York,Duane Street,"155 Duane St, New York, NY 10013, USA",40.7168184,-74.0085588
"Brokered by Garfield, Leslie J. & Co., Inc.",Townhouse for sale,2299000,7,6.0,2184.207862,68 E 127th St,"New York, NY 10035","68 E 127th StNew York, NY 10035",United States,New York,New York County,New York,East 127th Street,"68 E 127th St, New York, NY 10035, USA",40.8066101,-73.9390361
Brokered by Douglas Elliman - 575 Madison Ave,Townhouse for sale,12495000,4,4.0,6310.0,44 E 82nd St,"New York, NY 10028","44 E 82nd StNew York, NY 10028",United States,New York,New York County,New York,East 82nd Street,"44 E 82nd St, New York, NY 10028, USA",40.7777566,-73.9600565
Brokered by Brown Harris Stevens,Condo for sale,995000,1,1.0,2184.207862,305 Second Ave Unit 20,"Manhattan, NY 10003","305 Second Ave Unit 20Manhattan, NY 10003",United States,New York,New York County,New York,2nd Avenue,"305 2nd Ave, New York, NY 10003, USA",40.7344156,-73.9836325
Brokered by Corcoran East Side,Condo for sale,21500000,5,2.3738608579684373,4179.0,1295 Madison Ave,"New York, NY 10128","1295 Madison AveNew York, NY 10128",United States,New York,New York County,New York,Madison Avenue,"1295 Madison Ave, New York, NY 10128, USA",40.7847977,-73.9556597
Brokered by Dolly Lenz Real Estate LLC,Townhouse for sale,6500000,7,5.0,2184.207862,156 E 71st St,"New York, NY 10021","156 E 71st StNew York, NY 10021",United States,New York,New York County,New York,East 71st Street,"156 E 71st St, New York, NY 10021, USA",40.7693076,-73.9621998
Brokered by Keller Williams NYC,Co-op for sale,750000,1,1.0,2184.207862,120 E 36th St Ph B,"New York, NY 10016","120 E 36th St Ph BNew York, NY 10016",United States,New York,New York County,New York,East 36th Street,"120 E 36th St, New York, NY 10016, USA",40.7477728,-73.9794793
Brokered by Brown Harris Stevens - 445 Park Avenue,Condo for sale,4995000,4,4.0,2184.207862,30 E 76th St Unit Ph,"Manhattan, NY 10021","30 E 76th St Unit PhManhattan, NY 10021",United States,New York,New York County,New York,East 76th Street,"30 E 76th St, New York, NY 10021, USA",40.774136,-73.96342
Brokered by COMPASS,Townhouse for sale,14995000,5,2.3738608579684373,6000.0,184 E 75th St,"Manhattan, NY 10021","184 E 75th StManhattan, NY 10021",United States,New York,New York County,New York,East 75th Street,"184 E 75th St, New York, NY 10021, USA",40.7719074,-73.9601359
Brokered by Brown Harris Stevens,Townhouse for sale,1300000,3,2.3738608579684373,2184.207862,449 Convent Ave Unit Townhouse,"Manhattan, NY 10031","449 Convent Ave Unit TownhouseManhattan, NY 10031",United States,New York,New York County,New York,Convent Avenue,"449 Convent Ave, New York, NY 10031, USA",40.8274367,-73.9438954
Brokered by R New York,Multi-family home for sale,2500000,7,4.0,2660.0,439 E 116th St,"New York, NY 10029","439 E 116th StNew York, NY 10029",United States,New York,New York County,New York,East 116th Street,"439 E 116th St, New York, NY 10029, USA",40.7956068,-73.9338581
Brokered by COMPASS,Co-op for sale,4650000,3,3.0,2184.207862,340 E 72nd St Unit Ph,"Manhattan, NY 10021","340 E 72nd St Unit PhManhattan, NY 10021",United States,New York,New York County,New York,East 72nd Street,"340 E 72nd St, New York, NY 10021, USA",40.7680852,-73.9572619
Brokered by Coldwell Banker Reliable,House for sale,6600000,8,5.0,5110.0,160 E 105th St,"New York, NY 10029","160 E 105th StNew York, NY 10029",United States,New York,New York County,New York,East 105th Street,"160 E 105th St, New York, NY 10029, USA",40.7911493,-73.9463028
Brokered by Douglas Elliman  -111 Fifth Ave,Condo for sale,12495000,4,3.0,2184.207862,7 Bond St,"New York, NY 10012","7 Bond StNew York, NY 10012",United States,New York,New York County,New York,Bond Street,"7 Bond St, New York, NY 10012, USA",40.7265745,-73.9945558
Brokered by Corcoran Chelsea/Flatiron,Condo for sale,1500000,2,2.0,1334.0,50 W 127th St # B,"New York, NY 10027","50 W 127th St # BNew York, NY 10027",United States,New York,New York County,New York,West 127th Street,"50 W 127th St, New York, NY 10027, USA",40.8084181,-73.9433027
Brokered by Sotheby's International Realty - East Side Manhattan Brokerage,Pending,13650000,5,2.3738608579684373,2184.207862,164 E 70th St,"New York, NY 10021","164 E 70th StNew York, NY 10021",United States,New York,New York County,New York,East 70th Street,"164 E 70th St, New York, NY 10021, USA",40.7686449,-73.9625686
Brokered by COMPASS,Townhouse for sale,4995000,6,2.3738608579684373,7868.0,325 E 14th St,"Manhattan, NY 10003","325 E 14th StManhattan, NY 10003",United States,New York,New York County,New York,East 14th Street,"325 E 14th St, New York, NY 10003, USA",40.7320958,-73.9837146
Brokered by Carina Realty Inc,House for sale,1350000,3,2.3738608579684373,2184.207862,219 E 115th St,"Nyc, NY 10029","219 E 115th StNyc, NY 10029",United States,New York,New York County,New York,East 115th Street,"219 E 115th St, New York, NY 10029, USA",40.7970316,-73.9395297
"Brokered by Nest Seekers International, Westside",House for sale,3200000,6,5.0,5000.0,18 W 127th St,"New York, NY 10027","18 W 127th StNew York, NY 10027",United States,New York,New York County,New York,West 127th Street,"18 W 127th St, New York, NY 10027, USA",40.8079404,-73.942354
Brokered by Real Broker Llc,Multi-family home for sale,950000,3,2.3738608579684373,2500.0,382 Audubon Ave,"New York, NY 10033","382 Audubon AveNew York, NY 10033",United States,New York,New York County,New York,Audubon Avenue,"382 Audubon Ave, New York, NY 10033, USA",40.8507355,-73.9311387
Brokered by Douglas Elliman - 575 Madison Ave,Multi-family home for sale,19995000,7,8.0,8900.0,32 E 22nd St,"New York, NY 10010","32 E 22nd StNew York, NY 10010",United States,New York,New York County,New York,East 22nd Street,"32 E 22nd St, New York, NY 10010, USA",40.7397747,-73.9879891
"Brokered by Toll Brothers, Inc",Condo for sale,1125000,1,1.0,743.0,218 W 103rd St Unit 4F,"New York, NY 10025","218 W 103rd St Unit 4FNew York, NY 10025",United States,New York,New York County,New York,West 103rd Street,"4 W 103rd St, New York, NY 10025, USA",40.7961762,-73.962094
Brokered by Sotheby's International Realty - Downtown Manhattan,Co-op for sale,4150000,5,4.0,2184.207862,170 W 76th St # 302/402,"New York, NY 10023","170 W 76th St # 302/402New York, NY 10023",United States,New York,New York County,New York,West 76th Street,"170 W 76th St, New York, NY 10023, USA",40.7807845,-73.979261
Brokered by Sotheby's International Realty - Downtown Manhattan,Co-op for sale,4150000,5,4.0,2184.207862,170 W 76th St # 302/402,"New York, NY 10023","170 W 76th St # 302/402New York, NY 10023",United States,New York,New York County,New York,West 76th Street,"170 W 76th St, New York, NY 10023, USA",40.7807845,-73.979261
Brokered by Corcoran East Side,Co-op for sale,32000000,4,6.0,2184.207862,944 Fifth Ave # 3FL,"New York, NY 10021","944 Fifth Ave # 3FLNew York, NY 10021",United States,New York,New York County,New York,5th Avenue,"944 5th Ave, New York, NY 10021, USA",40.7745478,-73.9651644
Brokered by Coldwell Banker Warburg,Co-op for sale,950000,2,1.0,775.0,36 W 35th St Ph F,"New York, NY 10001","36 W 35th St Ph FNew York, NY 10001",United States,New York,New York County,New York,West 35th Street,"36 W 35th St, New York, NY 10001, USA",40.7497074,-73.9859244
Brokered by Living NY - Main Office,Townhouse for sale,10750000,10,10.0,6532.0,49 W 16th St Unit Townhouse,"New York, NY 10011","49 W 16th St Unit TownhouseNew York, NY 10011",United States,New York,New York County,New York,West 16th Street,"49 W 16th St, New York, NY 10011, USA",40.7385972,-73.9951773
"Brokered by Garfield, Leslie J. & Co., Inc.",Townhouse for sale,13650000,6,2.0,6800.0,180 E 73rd St,"New York, NY 10021","180 E 73rd StNew York, NY 10021",United States,New York,New York County,New York,East 73rd Street,"180 E 73rd St, New York, NY 10021, USA",40.7704277,-73.9609013
Brokered by Corcoran East Side,Condo for sale,5400000,3,4.0,2515.0,300 E 55th St Ph B,"New York, NY 10022","300 E 55th St Ph BNew York, NY 10022",United States,New York,New York County,New York,East 55th Street,"300 E 55th St, New York, NY 10022, USA",40.7577445,-73.9660563
Brokered by COMPASS,Co-op for sale,599000,1,2.0,1025.0,510 E 86th St Unit Off,"Manhattan, NY 10028","510 E 86th St Unit OffManhattan, NY 10028",United States,New York,New York County,New York,East 86th Street,"510 East 86th St, New York, NY 10028, USA",40.7754939,-73.9466592
Brokered by Douglas Elliman  -111 Fifth Ave,Pending,700000,1,1.0,500.0,23 Waverly Pl # T,"New York, NY 10003","23 Waverly Pl # TNew York, NY 10003",United States,New York,New York County,New York,Waverly Place,"23 Waverly Pl, New York, NY 10003, USA",40.7304336,-73.9946441
Brokered by Corcoran East Side,Townhouse for sale,16500000,5,6.0,5129.0,132 E 62nd St,"New York, NY 10065","132 E 62nd StNew York, NY 10065",United States,New York,New York County,New York,East 62nd Street,"132 E 62nd St, New York, NY 10065, USA",40.7641404,-73.9673899
Brokered by Coldwell Banker Warburg,Co-op for sale,4995000,3,4.0,2184.207862,3 E 71st St Units 7 & 8C,"New York, NY 10021","3 E 71st St Units 7 & 8CNew York, NY 10021",United States,New York,New York County,New York,East 71st Street,"3 E 71st St, New York, NY 10021, USA",40.771712,-73.9666841
Brokered by COMPASS,Townhouse for sale,4100000,5,3.0,2184.207862,1390 Lexington Ave,"Manhattan, NY 10128","1390 Lexington AveManhattan, NY 10128",United States,New York,New York County,New York,Lexington Avenue,"1390 Lexington Ave, New York, NY 10128, USA",40.783095,-73.95318
Brokered by COMPASS,Multi-family home for sale,3200000,6,2.3738608579684373,4360.0,413 W 145th St Unit 2FAMILY,"Manhattan, NY 10031","413 W 145th St Unit 2FAMILYManhattan, NY 10031",United States,New York,New York County,New York,West 145th Street,"413 W 145th St, New York, NY 10031, USA",40.824532,-73.9455086
"Brokered by Nest Seekers International, Midtown",Condo for sale,649000,3,2.3738608579684373,2184.207862,220 E 60th St Ph G,"New York, NY 10022","220 E 60th St Ph GNew York, NY 10022",United States,New York,New York County,New York,East 60th Street,"220 E 60th St, New York, NY 10022, USA",40.761661,-73.9653315
"Brokered by Garfield, Leslie J. & Co., Inc.",Townhouse for sale,10750000,8,9.0,7327.0,141-143 E 63rd St,"New York, NY 10065","141-143 E 63rd StNew York, NY 10065",United States,New York,New York County,New York,East 63rd Street,"141 E 63rd St, New York, NY 10065, USA",40.764757,-73.965815
Brokered by Corcoran SoHo,House for sale,21000000,3,2.3738608579684373,2184.207862,93 Grand St,"New York, NY 10013","93 Grand StNew York, NY 10013",United States,New York,New York County,New York,Grand Street,"93 Grand St, New York, NY 10013, USA",40.7213862,-74.0021063
Brokered by Brown Harris Stevens,Townhouse for sale,10500000,7,10.0,7040.0,115-117 W 87th St Unit Townhouse,"Manhattan, NY 10024","115-117 W 87th St Unit TownhouseManhattan, NY 10024",United States,New York,New York County,New York,West 87th Street,"115 W 87th St, New York, NY 10024, USA",40.7875734,-73.9721327
Brokered by Corcoran SoHo,House for sale,21000000,3,2.3738608579684373,2184.207862,93 Grand St,"New York, NY 10013","93 Grand StNew York, NY 10013",United States,New York,New York County,New York,Grand Street,"93 Grand St, New York, NY 10013, USA",40.7213862,-74.0021063
Brokered by R New York,Multi-family home for sale,2500000,3,2.3738608579684373,4100.0,18 W 127th St,"New York, NY 10027","18 W 127th StNew York, NY 10027",United States,New York,New York County,New York,West 127th Street,"18 W 127th St, New York, NY 10027, USA",40.8079404,-73.942354
Brokered by Douglas Elliman - 575 Madison Ave,Co-op for sale,1275000,1,1.0,2184.207862,427 W 21st St Unit Garden,"New York, NY 10011","427 W 21st St Unit GardenNew York, NY 10011",United States,New York,New York County,New York,West 21st Street,"427 W 21st St, New York, NY 10011, USA",40.7458817,-74.0033976
